<?xml version="1.0" encoding="UTF-8"?>
<!DOCTYPE struts-config PUBLIC "-//Apache Software Foundation//DTD Struts Configuration 1.2//EN" "http://struts.apache.org/dtds/struts-config_1_2.dtd">

<struts-config>
  <data-sources />
  <form-beans >
    <!-- 会员 -->
    <form-bean name="userinfoForm" type="com.ff.form.UserinfoForm"></form-bean>
     <!-- 商品 -->
    <form-bean name="foodinfoForm" type="com.ff.form.FoodinfoForm"></form-bean>
  </form-beans>
  <global-exceptions />
  <global-forwards />
  <action-mappings >
    <!-- delegatingActionproxy  :委托action代理spring代理action -->
    <!-- 会员 -->
    <action path="/userInfo"
            name="userinfoForm"
            type="org.springframework.web.struts.DelegatingActionProxy"
            parameter="p">
    </action>
    
      <action path="/userInfo2"
            type="org.springframework.web.struts.DelegatingActionProxy"
            parameter="p">
    </action>
    
    
    <!--商品信息 -->
    <action path="/foodInfo"
            name="foodinfoForm"
            type="org.springframework.web.struts.DelegatingActionProxy"
            parameter="p">    
    </action>
    
     <!--商品类别信息 -->
    <action path="/foodType"
            type="org.springframework.web.struts.DelegatingActionProxy"
            parameter="p">    
    </action>
    
    <!--订单信息 -->
    <action path="/orders"
            type="org.springframework.web.struts.DelegatingActionProxy"
            parameter="p">    
    </action>
    
    <!--订单详细信息 -->
    <action path="/ordersDetail"
            type="org.springframework.web.struts.DelegatingActionProxy"
            parameter="p">    
    </action>
    
    
    <!--管理员信息 -->
    <action path="/manager"
            type="org.springframework.web.struts.DelegatingActionProxy"
            parameter="p">    
    </action>
    
    <!--管理员角色信息 -->
    <action path="/managerRole"
            type="org.springframework.web.struts.DelegatingActionProxy"
            parameter="p">    
    </action>
    
    <!--树形菜单信息 -->
    <action path="/treeMenu"
            type="org.springframework.web.struts.DelegatingActionProxy"
            parameter="p">    
    </action>
    
    
     <!--留言信息 -->
    <action path="/message"
            type="org.springframework.web.struts.DelegatingActionProxy"
            parameter="p">    
    </action>
    
    
     <!--商品的评论信息 -->
    <action path="/advice"
            type="org.springframework.web.struts.DelegatingActionProxy"
            parameter="p">    
    </action>
    
    <!--账户信息 -->
    <action path="/accounts"
            type="org.springframework.web.struts.DelegatingActionProxy"
            parameter="p">    
    </action>
    
     <!--账户信息 -->
    <action path="/bankType"
            type="org.springframework.web.struts.DelegatingActionProxy"
            parameter="p">    
    </action>
    
  </action-mappings>
  <message-resources parameter="com.yourcompany.struts.ApplicationResources" />
</struts-config>

