<?xml version="1.0" encoding="utf-8"?>
<!DOCTYPE hibernate-mapping PUBLIC "-//Hibernate/Hibernate Mapping DTD 3.0//EN"
"http://hibernate.sourceforge.net/hibernate-mapping-3.0.dtd">
<!-- 
    Mapping file autogenerated by MyEclipse Persistence Tools
-->
<hibernate-mapping>
    <class name="com.hsg.pojos.Accounts" table="ACCOUNTS" schema="FASTFOOD">
        <id name="acId" type="java.lang.String">
            <column name="AC_ID" length="20" />
            <generator class="native">
            </generator>
        </id>
        <many-to-one name="banktype" class="com.hsg.pojos.Banktype" fetch="select">
            <column name="BT_ID" precision="9" scale="0" />
        </many-to-one>
        <property name="acPwd" type="java.lang.Integer">
            <column name="AC_PWD" precision="9" scale="0" />
        </property>
        <property name="acMoney" type="java.lang.Double">
            <column name="AC_MONEY" />
        </property>
        <property name="acExtendone" type="java.lang.String">
            <column name="AC_EXTENDONE" length="50" />
        </property>
        <property name="acExtendtwo" type="java.lang.String">
            <column name="AC_EXTENDTWO" length="100" />
        </property>
        <property name="acExtendthree" type="java.lang.Integer">
            <column name="AC_EXTENDTHREE" precision="9" scale="0" />
        </property>
    </class>
</hibernate-mapping>
