<?xml version="1.0" encoding="utf-8"?>
<!DOCTYPE hibernate-mapping PUBLIC "-//Hibernate/Hibernate Mapping DTD 3.0//EN"
"http://hibernate.sourceforge.net/hibernate-mapping-3.0.dtd">
<!-- 
    Mapping file autogenerated by MyEclipse Persistence Tools
-->
<hibernate-mapping>
    <class name="com.hsg.pojos.Advice" table="ADVICE" schema="FASTFOOD" >
        <id name="adId" type="java.lang.Integer">
            <column name="AD_ID" precision="9" scale="0" />
             <generator class="native">
            </generator>
        </id>
        <many-to-one name="foodinfo" class="com.hsg.pojos.Foodinfo" fetch="select">
            <column name="AD_FOODID" precision="9" scale="0" />
        </many-to-one>
        <many-to-one name="userinfo" class="com.hsg.pojos.Userinfo" fetch="select">
            <column name="AD_USERID" precision="9" scale="0" />
        </many-to-one>
        <property name="adTitle" type="java.lang.String">
            <column name="AD_TITLE" length="20" />
        </property>
        <property name="adContent" type="java.lang.String">
            <column name="AD_CONTENT" length="500" />
        </property>
        <property name="adDate" type="java.util.Date">
            <column name="AD_DATE" length="7" />
        </property>
        <property name="adState" type="java.lang.Integer">
            <column name="AD_STATE" precision="8" scale="0" />
        </property>
        <property name="adExtendone" type="java.lang.String">
            <column name="AD_EXTENDONE" length="50" />
        </property>
        <property name="adExtendtwo" type="java.lang.String">
            <column name="AD_EXTENDTWO" length="100" />
        </property>
        <property name="adExtendthree" type="java.lang.Integer">
            <column name="AD_EXTENDTHREE" precision="9" scale="0" />
        </property>
    </class>
</hibernate-mapping>
