<?xml version="1.0" encoding="utf-8"?>
<!DOCTYPE hibernate-mapping PUBLIC "-//Hibernate/Hibernate Mapping DTD 3.0//EN"
"http://hibernate.sourceforge.net/hibernate-mapping-3.0.dtd">
<!-- 
    Mapping file autogenerated by MyEclipse Persistence Tools
-->
<hibernate-mapping>
    <class name="com.hsg.pojos.Banktype" table="BANKTYPE" schema="FASTFOOD">
        <id name="btId" type="java.lang.Integer">
            <column name="BT_ID" precision="9" scale="0" />
             <generator class="native">
            </generator>

        </id>
        <property name="btName" type="java.lang.String">
            <column name="BT_NAME" length="20" />
        </property>
        <property name="btState" type="java.lang.Integer">
            <column name="BT_STATE" precision="8" scale="0" />
        </property>
        <property name="btExtendone" type="java.lang.String">
            <column name="BT_EXTENDONE" length="50" />
        </property>
        <property name="btExtendtwo" type="java.lang.String">
            <column name="BT_EXTENDTWO" length="100" />
        </property>
        <property name="btExtendthree" type="java.lang.Integer">
            <column name="BT_EXTENDTHREE" precision="9" scale="0" />
        </property>
        <set name="accountses" inverse="true">
            <key>
                <column name="BT_ID" precision="9" scale="0" />
            </key>
            <one-to-many class="com.hsg.pojos.Accounts" />
        </set>
    </class>
</hibernate-mapping>
