<?xml version="1.0" encoding="utf-8"?>
<!DOCTYPE hibernate-mapping PUBLIC "-//Hibernate/Hibernate Mapping DTD 3.0//EN"
"http://hibernate.sourceforge.net/hibernate-mapping-3.0.dtd">
<!-- 
    Mapping file autogenerated by MyEclipse Persistence Tools
-->
<hibernate-mapping>
    <class name="com.hsg.pojos.Foodtype" table="FOODTYPE" schema="FASTFOOD">
        <id name="FTypeid" type="java.lang.Integer">
            <column name="F_TYPEID" precision="9" scale="0" />
            <generator class="native">
            </generator>

        </id>
        <property name="FTypename" type="java.lang.String">
            <column name="F_TYPENAME" length="20" />
        </property>
        <property name="FRemark" type="java.lang.String">
            <column name="F_REMARK" length="100" />
        </property>
        <property name="FState" type="java.lang.Integer">
            <column name="F_STATE" precision="8" scale="0" />
        </property>
        <property name="FBigtype" type="java.lang.Integer">
            <column name="F_BIGTYPE" precision="8" scale="0" />
        </property>
        <set name="foodinfos" inverse="true">
            <key>
                <column name="F_TYPEID" precision="9" scale="0" />
            </key>
            <one-to-many class="com.hsg.pojos.Foodinfo" />
        </set>
    </class>
</hibernate-mapping>
