<?xml version="1.0" encoding="utf-8"?>
<!DOCTYPE hibernate-mapping PUBLIC "-//Hibernate/Hibernate Mapping DTD 3.0//EN"
"http://hibernate.sourceforge.net/hibernate-mapping-3.0.dtd">
<!-- 
    Mapping file autogenerated by MyEclipse Persistence Tools
-->
<hibernate-mapping>
    <class name="com.hsg.pojos.Foodinfo" table="FOODINFO" schema="FASTFOOD">
        <id name="foodid" type="java.lang.Integer">
            <column name="FOODID" precision="9" scale="0" />
             <generator class="native">
            </generator>
        </id>
        <many-to-one name="foodtype" class="com.hsg.pojos.Foodtype" fetch="select">
            <column name="F_TYPEID" precision="9" scale="0" />
        </many-to-one>
        <property name="foodname" type="java.lang.String">
            <column name="FOODNAME" length="20" />
        </property>
        <property name="foodimg" type="java.lang.String">
            <column name="FOODIMG" length="200" />
        </property>
        <property name="danjia" type="java.lang.Double">
            <column name="DANJIA" precision="9" />
        </property>
        <property name="foodcoin" type="java.lang.Integer">
            <column name="FOODCOIN" precision="9" scale="0" />
        </property>
        <property name="mainfood" type="java.lang.String">
            <column name="MAINFOOD" length="100" />
        </property>
        <property name="taste" type="java.lang.String">
            <column name="TASTE" length="50" />
        </property>
        <property name="foodnumber" type="java.lang.Integer">
            <column name="FOODNUMBER" precision="9" scale="0" />
        </property>
        <property name="foodremark" type="java.lang.String">
            <column name="FOODREMARK" length="300" />
        </property>
        <property name="FState" type="java.lang.Integer">
            <column name="F_STATE" precision="8" scale="0" />
        </property>
        <property name="FJp" type="java.lang.String">
            <column name="F_JP" length="10" />
        </property>
        <property name="extendone" type="java.lang.String">
            <column name="EXTENDONE" length="50" />
        </property>
        <property name="extendtwo" type="java.lang.String">
            <column name="EXTENDTWO" length="100" />
        </property>
        <property name="extendthree" type="java.lang.Integer">
            <column name="EXTENDTHREE" precision="9" scale="0" />
        </property>
        <set name="advices" inverse="true">
            <key>
                <column name="AD_FOODID" precision="9" scale="0" />
            </key>
            <one-to-many class="com.hsg.pojos.Advice" />
        </set>
        <set name="ordersdetails" inverse="true">
            <key>
                <column name="OD_FOODID" precision="9" scale="0" />
            </key>
            <one-to-many class="com.hsg.pojos.Ordersdetail" />
        </set>
    </class>
</hibernate-mapping>
