<?xml version="1.0" encoding="utf-8"?>
<!DOCTYPE hibernate-mapping PUBLIC "-//Hibernate/Hibernate Mapping DTD 3.0//EN"
"http://hibernate.sourceforge.net/hibernate-mapping-3.0.dtd">
<!-- 
    Mapping file autogenerated by MyEclipse Persistence Tools
-->
<hibernate-mapping>
    <class name="com.hsg.pojos.Managerrole" table="MANAGERROLE" schema="FASTFOOD">
        <id name="managerroleid" type="java.lang.Integer">
            <column name="MANAGERROLEID" precision="9" scale="0" />
               <generator class="native">
            </generator>

        </id>
        <property name="managerrolename" type="java.lang.String">
            <column name="MANAGERROLENAME" length="20" />
        </property>
        <property name="managerstate" type="java.lang.Integer">
            <column name="MANAGERSTATE" precision="9" scale="0" />
        </property>
        <property name="RExtendone" type="java.lang.String">
            <column name="R_EXTENDONE" length="50" />
        </property>
        <property name="RExtendtwo" type="java.lang.String">
            <column name="R_EXTENDTWO" length="100" />
        </property>
        <property name="RExtendthree" type="java.lang.Integer">
            <column name="R_EXTENDTHREE" precision="9" scale="0" />
        </property>
        
              <!--  映射角色菜单中间表  -->
        <set name="treemenus" table="ManagerRoleAndTreeMenu" schema="fastfood">
          <key>
          <!-- 本类在中间表的编号 -->
            <column name="managerRoleId" precision="9" scale="0" not-null="true"> </column>
          </key>
          <!-- 对应的实体类和编号 -->
          <many-to-many entity-name="com.hsg.pojos.Treemenu">
             <column name="treeMenuId" precision="9" scale="0" not-null="true"></column>
          </many-to-many>
        </set>
          <!--  映射角色用户中间表  -->
        <set name="managers" table="ManagerAndManagerRole" schema="fastfood">
          <key>
            <!-- 本类在中间表的编号 -->
           <column name="managerRoleId" precision="9" scale="0" not-null="true"></column>
          </key>
           <!-- 对应的实体类和编号 -->
          <many-to-many entity-name="com.hsg.pojos.Manager">
            <column name="managerId" precision="9" scale="0" not-null="true"></column>
          </many-to-many>
        </set>
        
    </class>
</hibernate-mapping>
