<?xml version="1.0" encoding="utf-8"?>
<!DOCTYPE hibernate-mapping PUBLIC "-//Hibernate/Hibernate Mapping DTD 3.0//EN"
"http://hibernate.sourceforge.net/hibernate-mapping-3.0.dtd">
<!-- 
    Mapping file autogenerated by MyEclipse Persistence Tools
-->
<hibernate-mapping>
    <class name="com.hsg.pojos.Manager" table="MANAGER" schema="FASTFOOD">
        <id name="mgId" type="java.lang.Integer">
            <column name="MG_ID" precision="9" scale="0" />
            <generator class="native">
            </generator>

        </id>
        <property name="mgName" type="java.lang.String">
            <column name="MG_NAME" length="20" />
        </property>
        <property name="mgPwd" type="java.lang.String">
            <column name="MG_PWD" length="20" />
        </property>
        <property name="mgPhone" type="java.lang.String">
            <column name="MG_PHONE" length="20" />
        </property>
        <property name="mgAddress" type="java.lang.String">
            <column name="MG_ADDRESS" length="20" />
        </property>
        <property name="mgState" type="java.lang.Integer">
            <column name="MG_STATE" precision="8" scale="0" />
        </property>
        <property name="mgLastlogin" type="java.util.Date">
            <column name="MG_LASTLOGIN" length="7" />
        </property>
        <property name="mgExtendone" type="java.lang.String">
            <column name="MG_EXTENDONE" length="50" />
        </property>
        <property name="mgExtendtwo" type="java.lang.String">
            <column name="MG_EXTENDTWO" length="100" />
        </property>
        <property name="mgExtendthree" type="java.lang.Integer">
            <column name="MG_EXTENDTHREE" precision="9" scale="0" />
        </property>
        <set name="orderses" inverse="true">
            <key>
                <column name="O_MANAGERID" precision="9" scale="0" />
            </key>
            <one-to-many class="com.hsg.pojos.Orders" />
        </set>
           <!-- 映射管理员与角色中间表 -->
        <set name="managerroles" inverse="true" table="ManagerAndManagerRole" schema="fastfood">
           <key>
              <!-- 本类在中间表的 的编号-->
              <column name="managerId" precision="9" scale="0" not-null="true"></column>
           </key>
           <!-- 对应的编号和类  -->
           <many-to-many entity-name="com.hsg.pojos.Managerrole">
              <column name="managerRoleId" precision="9" scale="0" not-null="true"></column>
           </many-to-many>
        </set>
    </class>
</hibernate-mapping>
