<?xml version="1.0" encoding="utf-8"?>
<!DOCTYPE hibernate-mapping PUBLIC "-//Hibernate/Hibernate Mapping DTD 3.0//EN"
"http://hibernate.sourceforge.net/hibernate-mapping-3.0.dtd">
<!-- 
    Mapping file autogenerated by MyEclipse Persistence Tools
-->
<hibernate-mapping>
    <class name="com.hsg.pojos.Message" table="MESSAGE" schema="FASTFOOD">
        <id name="msId" type="java.lang.Integer">
            <column name="MS_ID" precision="9" scale="0" />
            <generator class="native">
            </generator>

        </id>
        <property name="msTitle" type="java.lang.String">
            <column name="MS_TITLE" length="20" />
        </property>
        <property name="msUsername" type="java.lang.String">
            <column name="MS_USERNAME" length="20" />
        </property>
        <property name="msEmail" type="java.lang.String">
            <column name="MS_EMAIL" length="20" />
        </property>
        <property name="msQq" type="java.lang.String">
            <column name="MS_QQ" length="20" />
        </property>
        <property name="mgPhotos" type="java.lang.String">
            <column name="MG_PHOTOS" length="100" />
        </property>
        <property name="msContent" type="java.lang.String">
            <column name="MS_CONTENT" length="500" />
        </property>
        <property name="msState" type="java.lang.Integer">
            <column name="MS_STATE" precision="8" scale="0" />
        </property>
        <property name="msExtendone" type="java.lang.String">
            <column name="MS_EXTENDONE" length="50" />
        </property>
        <property name="msExtendtwo" type="java.lang.String">
            <column name="MS_EXTENDTWO" length="100" />
        </property>
        <property name="msExtendthree" type="java.lang.Integer">
            <column name="MS_EXTENDTHREE" precision="9" scale="0" />
        </property>
    </class>
</hibernate-mapping>
