<?xml version="1.0" encoding="utf-8"?>
<!DOCTYPE hibernate-mapping PUBLIC "-//Hibernate/Hibernate Mapping DTD 3.0//EN"
"http://hibernate.sourceforge.net/hibernate-mapping-3.0.dtd">
<!-- 
    Mapping file autogenerated by MyEclipse Persistence Tools
-->
<hibernate-mapping>
    <class name="com.hsg.pojos.Orders" table="ORDERS" schema="FASTFOOD">
        <id name="OId" type="java.lang.String">
            <column name="O_ID" length="50" />
            <generator class="native">
            </generator>

        </id>
        <many-to-one name="manager" class="com.hsg.pojos.Manager" fetch="select">
            <column name="O_MANAGERID" precision="9" scale="0" />
        </many-to-one>
        <many-to-one name="userinfo" class="com.hsg.pojos.Userinfo" fetch="select">
            <column name="O_USERID" precision="9" scale="0" />
        </many-to-one>
        <property name="OPaymethod" type="java.lang.String">
            <column name="O_PAYMETHOD" length="50" />
        </property>
        <property name="OSendtype" type="java.lang.String">
            <column name="O_SENDTYPE" length="50" />
        </property>
        <property name="OSendaddress" type="java.lang.String">
            <column name="O_SENDADDRESS" length="100" />
        </property>
        <property name="OName" type="java.lang.String">
            <column name="O_NAME" length="20" />
        </property>
        <property name="OPhone" type="java.lang.String">
            <column name="O_PHONE" length="20" />
        </property>
        <property name="OPost" type="java.lang.String">
            <column name="O_POST" length="50" />
        </property>
        <property name="OEmail" type="java.lang.String">
            <column name="O_EMAIL" length="50" />
        </property>
        <property name="OOrderdate" type="java.util.Date">
            <column name="O_ORDERDATE" length="7" />
        </property>
        <property name="OCheck" type="java.lang.Integer">
            <column name="O_CHECK" precision="9" scale="0" />
        </property>
        <property name="OJiezhang" type="java.lang.Integer">
            <column name="O_JIEZHANG" precision="9" scale="0" />
        </property>
        <property name="OState" type="java.lang.Integer">
            <column name="O_STATE" precision="9" scale="0" />
        </property>
        <property name="ORemark" type="java.lang.String">
            <column name="O_REMARK" length="300" />
        </property>
        <property name="OExtendone" type="java.lang.String">
            <column name="O_EXTENDONE" length="50" />
        </property>
        <property name="OExtendtwo" type="java.lang.String">
            <column name="O_EXTENDTWO" length="100" />
        </property>
        <property name="OExtendthree" type="java.lang.Integer">
            <column name="O_EXTENDTHREE" precision="9" scale="0" />
        </property>
        <set name="ordersdetails" inverse="true" >
            <key>
                <column name="OD_ORDERID" length="50" />
            </key>
            <one-to-many class="com.hsg.pojos.Ordersdetail" />
        </set>
    </class>
</hibernate-mapping>
