<?xml version="1.0" encoding="utf-8"?>
<!DOCTYPE hibernate-mapping PUBLIC "-//Hibernate/Hibernate Mapping DTD 3.0//EN"
"http://hibernate.sourceforge.net/hibernate-mapping-3.0.dtd">
<!-- 
    Mapping file autogenerated by MyEclipse Persistence Tools
-->
<hibernate-mapping>
    <class name="com.hsg.pojos.Ordersdetail" table="ORDERSDETAIL" schema="FASTFOOD">
        <id name="odId" type="java.lang.Integer">
            <column name="OD_ID" precision="9" scale="0" />
              <generator class="native">
            </generator>

        </id>
        <many-to-one name="orders" class="com.hsg.pojos.Orders" fetch="select">
            <column name="OD_ORDERID" length="50" />
        </many-to-one>
        <many-to-one name="foodinfo" class="com.hsg.pojos.Foodinfo" fetch="select">
            <column name="OD_FOODID" precision="9" scale="0" />
        </many-to-one>
        <property name="odBuynum" type="java.lang.Integer">
            <column name="OD_BUYNUM" precision="9" scale="0" />
        </property>
        <property name="odTotalmoney" type="java.lang.Double">
            <column name="OD_TOTALMONEY" precision="15" />
        </property>
        <property name="odRemark" type="java.lang.String">
            <column name="OD_REMARK" length="500" />
        </property>
        <property name="odState" type="java.lang.Integer">
            <column name="OD_STATE" precision="9" scale="0" />
        </property>
        <property name="odExtendone" type="java.lang.String">
            <column name="OD_EXTENDONE" length="50" />
        </property>
        <property name="odExtendtwo" type="java.lang.String">
            <column name="OD_EXTENDTWO" length="100" />
        </property>
        <property name="odExtendthree" type="java.lang.Integer">
            <column name="OD_EXTENDTHREE" precision="9" scale="0" />
        </property>
    </class>
</hibernate-mapping>
