<?xml version="1.0" encoding="utf-8"?>
<!DOCTYPE hibernate-mapping PUBLIC "-//Hibernate/Hibernate Mapping DTD 3.0//EN"
"http://hibernate.sourceforge.net/hibernate-mapping-3.0.dtd">
<!-- 
    Mapping file autogenerated by MyEclipse Persistence Tools
-->
<hibernate-mapping>
    <class name="com.hsg.pojos.Treemenu" table="TREEMENU" schema="FASTFOOD">
        <id name="treemenuid" type="java.lang.Integer">
            <column name="TREEMENUID" precision="9" scale="0" />
            <generator class="native">
            </generator>

            
        </id>
        <property name="treemenuname" type="java.lang.String">
            <column name="TREEMENUNAME" length="20" />
        </property>
        <property name="treeprentid" type="java.lang.Integer">
            <column name="TREEPRENTID" precision="9" scale="0" />
        </property>
        <property name="treemenusrc" type="java.lang.String">
            <column name="TREEMENUSRC" length="250" />
        </property>
        <property name="treemenustate" type="java.lang.Integer">
            <column name="TREEMENUSTATE" precision="9" scale="0" />
        </property>
        <property name="TExtendone" type="java.lang.String">
            <column name="T_EXTENDONE" length="50" />
        </property>
        <property name="TExtendtwo" type="java.lang.String">
            <column name="T_EXTENDTWO" length="100" />
        </property>
        <property name="TExtendthree" type="java.lang.Integer">
            <column name="T_EXTENDTHREE" precision="9" scale="0" />
        </property>
        
         <!--  映射角色菜单中间表  -->
        <set name="managerroles" table="ManagerRoleAndTreeMenu" schema="fastfood">
          <key>
          <!-- 本类在中间表的编号 -->
            <column name="treeMenuId" precision="9" scale="0" not-null="true"> </column>
          </key>
          <!-- 对应的实体类和编号 -->
          <many-to-many entity-name="com.hsg.pojos.Managerrole">
             <column name="managerRoleId" precision="9" scale="0" not-null="true"></column>
          </many-to-many>
        </set>
        
    </class>
</hibernate-mapping>
