<?xml version="1.0" encoding="utf-8"?>
<!DOCTYPE hibernate-mapping PUBLIC "-//Hibernate/Hibernate Mapping DTD 3.0//EN"
"http://hibernate.sourceforge.net/hibernate-mapping-3.0.dtd">
<!-- 
    Mapping file autogenerated by MyEclipse Persistence Tools
-->
<hibernate-mapping>
    <class name="com.hsg.pojos.Userinfo" table="USERINFO" schema="FASTFOOD">
        <id name="userid" type="java.lang.Integer">
            <column name="USERID" precision="9" scale="0" />
            <generator class="native">
            </generator>
        </id>
        <property name="username" type="java.lang.String">
            <column name="USERNAME" length="20" />
        </property>
        <property name="pwd" type="java.lang.String">
            <column name="PWD" length="20" />
        </property>
        <property name="sex" type="java.lang.Integer">
            <column name="SEX" precision="9" scale="0" />
        </property>
        <property name="registerdate" type="java.util.Date">
            <column name="REGISTERDATE" length="7" />
        </property>
        <property name="photos" type="java.lang.String">
            <column name="PHOTOS" length="150" />
        </property>
        <property name="address" type="java.lang.String">
            <column name="ADDRESS" length="50" />
        </property>
        <property name="email" type="java.lang.String">
            <column name="EMAIL" length="30" />
        </property>
        <property name="telephone" type="java.lang.String">
            <column name="TELEPHONE" length="13" />
        </property>
        <property name="lastlogin" type="java.util.Date">
            <column name="LASTLOGIN" length="7" />
        </property>
        <property name="logintime" type="java.lang.Integer">
            <column name="LOGINTIME" precision="9" scale="0" />
        </property>
        <property name="usercoin" type="java.lang.Integer">
            <column name="USERCOIN" precision="9" scale="0" />
        </property>
        <property name="userstate" type="java.lang.Integer">
            <column name="USERSTATE" precision="9" scale="0" />
        </property>
        <property name="userjp" type="java.lang.String">
            <column name="USERJP" length="10" />
        </property>
        <property name="URemarks" type="java.lang.String">
            <column name="U_REMARKS" length="200" />
        </property>
        <property name="UExtendone" type="java.lang.Double">
            <column name="U_EXTENDONE" precision="15" />
        </property>
        <property name="UExtendtwo" type="java.lang.String">
            <column name="U_EXTENDTWO" length="50" />
        </property>
        <property name="UExtendthree" type="java.lang.String">
            <column name="U_EXTENDTHREE" length="100" />
        </property>
        <set name="orderses" inverse="true">
            <key>
                <column name="O_USERID" precision="9" scale="0" />
            </key>
            <one-to-many class="com.hsg.pojos.Orders" />
        </set>
        <set name="advices" inverse="true">
            <key>
                <column name="AD_USERID" precision="9" scale="0" />
            </key>
            <one-to-many class="com.hsg.pojos.Advice" />
        </set>
    </class>
</hibernate-mapping>
