<?xml version="1.0" encoding="utf-8"?>
<!DOCTYPE hibernate-mapping PUBLIC "-//Hibernate/Hibernate Mapping DTD 3.0//EN"
"http://hibernate.sourceforge.net/hibernate-mapping-3.0.dtd">
<!-- 
    Mapping file autogenerated by MyEclipse Persistence Tools
-->
<hibernate-mapping>
    <class name="com.model.TGoods" table="t_goods">
        <id name="goodsId" type="java.lang.Integer">
            <column name="goods_id" />
            <generator class="increment" />
        </id>
        <property name="goodsName" type="java.lang.String">
            <column name="goods_name" length="50" />
        </property>
        <property name="goodsMiaoshu" type="java.lang.String">
            <column name="goods_miaoshu" length="5000" />
        </property>
        <property name="goodsPic" type="java.lang.String">
            <column name="goods_pic" length="50" />
        </property>
        <property name="goodsYanse" type="java.lang.String">
            <column name="goods_yanse" length="50" />
        </property>
        <property name="goodsShichangjia" type="java.lang.Integer">
            <column name="goods_shichangjia" />
        </property>
        <property name="goodsTejia" type="java.lang.Integer">
            <column name="goods_tejia" />
        </property>
        <property name="goodsIsnottejia" type="java.lang.String">
            <column name="goods_isnottejia" length="50" />
        </property>
        <property name="goodsIsnottuijian" type="java.lang.String">
            <column name="goods_isnottuijian" length="50" />
        </property>
        <property name="goodsCatelogId" type="java.lang.Integer">
            <column name="goods_catelog_id" />
        </property>
        <property name="goodsKucun" type="java.lang.Integer">
            <column name="goods_kucun" />
        </property>
        <property name="goodsDel" type="java.lang.String">
            <column name="goods_Del" length="50" />
        </property>
    </class>
</hibernate-mapping>
