<?xml version="1.0" encoding="utf-8"?>
<!DOCTYPE hibernate-mapping PUBLIC "-//Hibernate/Hibernate Mapping DTD 3.0//EN"
"http://hibernate.sourceforge.net/hibernate-mapping-3.0.dtd">
<!-- 
    Mapping file autogenerated by MyEclipse Persistence Tools
-->
<hibernate-mapping>
    <class name="com.model.TOrder" table="t_order">
        <id name="orderId" type="java.lang.Integer">
            <column name="order_id" />
            <generator class="increment" />
        </id>
        <property name="orderBianhao" type="java.lang.String">
            <column name="order_bianhao" length="50" />
        </property>
        <property name="orderDate" type="java.lang.String">
            <column name="order_date" length="50" />
        </property>
        <property name="orderZhuangtai" type="java.lang.String">
            <column name="order_zhuangtai" length="50" />
        </property>
        <property name="odderSonghuodizhi" type="java.lang.String">
            <column name="order_songhuodizhi" length="50" />
        </property>
        <property name="odderFukuangfangshi" type="java.lang.String">
            <column name="order_fukuangfangshi" length="50" />
        </property>
        <property name="orderJine" type="java.lang.Integer">
            <column name="order_jine" />
        </property>
        <property name="orderUserId" type="java.lang.Integer">
            <column name="order_user_id" />
        </property>
    </class>
</hibernate-mapping>
