<?xml version="1.0" encoding="utf-8"?>

<users> 
  <user> 
    <id>2017001</id>  
    <name>瑞雯</name>  
    <password>6666</password>  
    <admin>0</admin>  
    <img>ruiwen.jpg</img> 
  </user>  
  <user> 
    <id>2017003</id>  
    <name>奥巴马</name>  
    <password>6666</password>  
    <admin>0</admin>  
    <img>aobama.jpg</img> 
  </user>  
  <user> 
    <id>2017008</id>  
    <name>123</name>  
    <password>123</password>  
    <admin>0</admin>  
    <img>1.jpg</img> 
  </user>  
  <user> 
    <id>2017009</id>  
    <name>123</name>  
    <password>123</password>  
    <admin>0</admin>  
    <img>2.jpg</img> 
  </user>  
  <user> 
    <id>666666</id>  
    <name>我是管理员</name>  
    <password>666666</password>  
    <admin>0</admin>  
    <img>5.jpg</img> 
  </user>  
  <user> 
    <id>2017004</id>  
    <name>河流之主-塔姆</name>  
    <password>6666</password>  
    <admin>0</admin>  
    <img>tamu.jpg</img> 
  </user>  
  <user> 
    <id>2017005</id>  
    <name>唐老鸭</name>  
    <password>6666</password>  
    <admin>0</admin>  
    <img>24.jpg</img> 
  </user>  
  <user> 
    <id>2</id>  
    <name>香蕉船</name>  
    <password>2</password>  
    <admin>0</admin>  
    <img>30.jpg</img> 
  </user>  
  <user> 
    <id>1</id>  
    <name>象拔蚌CEO</name>  
    <password>1</password>  
    <admin>0</admin>  
    <img>35.jpg</img> 
  </user>  
  <user> 
    <id>8888</id>  
    <name>管理员</name>  
    <password>8888</password>  
    <admin>1</admin>  
    <img>4.jpg</img> 
  </user>  
  <user> 
    <id>123451</id>  
    <name>test</name>  
    <password>123</password>  
    <admin>0</admin>  
    <img>1.jpg</img> 
  </user>  
  <user> 
    <id>zhangsan</id>  
    <name>张三</name>  
    <password>123</password>  
    <admin>0</admin>  
    <img>34.jpg</img> 
  </user>  
  <user> 
    <id>2018001</id>  
    <name>日</name>  
    <password>6666</password>  
    <admin>0</admin>  
    <img>30.jpg</img> 
  </user>  
  <user> 
    <id>123456</id>  
    <name>你好</name>  
    <password>123</password>  
    <admin>0</admin>  
    <img>29.jpg</img> 
  </user>  
  <user> 
    <id>yyyy</id>  
    <name>kkk</name>  
    <password>123</password>  
    <admin>0</admin>  
    <img>34.jpg</img> 
  </user>  
  <user> 
    <id>818181</id>  
    <name>金正日</name>  
    <password>6666</password>  
    <admin>0</admin>  
    <img>34.jpg</img> 
  </user>  
  <user> 
    <id>rruu</id>  
    <name>rpp</name>  
    <password>123</password>  
    <admin>0</admin>  
    <img>27.jpg</img> 
  </user>  
  <user> 
    <id>uuuu</id>  
    <name>你好</name>  
    <password>5555</password>  
    <admin>0</admin>  
    <img>25.jpg</img> 
  </user>  
  <user> 
    <id>4444</id>  
    <name>你好</name>  
    <password>5555</password>  
    <admin>0</admin>  
    <img>25.jpg</img> 
  </user>  
  <user>
    <id>33333</id>
    <name>你好</name>
    <password>5555</password>
    <admin>0</admin>
    <img>25.jpg</img>
  </user>
</users>
