<?xml version="1.0" encoding="utf-8"?>
<!DOCTYPE hibernate-mapping PUBLIC "-//Hibernate/Hibernate Mapping DTD 3.0//EN"
"http://hibernate.sourceforge.net/hibernate-mapping-3.0.dtd">
<!-- 
    Mapping file autogenerated by MyEclipse Persistence Tools
-->
<hibernate-mapping>
    <class name="com.vo.bean.Admin" table="admin" catalog="villageofficials" lazy="false">
        <id name="id" type="integer">
            <column name="id" />
            <generator class="assigned" />
        </id>
        <property name="name" type="string">
            <column name="name" length="12" not-null="true" />
        </property>
        <property name="password" type="string">
            <column name="password" length="12" not-null="true" />
        </property>
    </class>
</hibernate-mapping>
