<?xml version="1.0" encoding="utf-8"?>
<!DOCTYPE hibernate-mapping PUBLIC "-//Hibernate/Hibernate Mapping DTD 3.0//EN"
"http://hibernate.sourceforge.net/hibernate-mapping-3.0.dtd">
<!-- 
    Mapping file autogenerated by MyEclipse Persistence Tools
-->
<hibernate-mapping>
    <class name="com.vo.bean.Apply" table="apply" catalog="villageofficials" lazy="false">
        <id name="id" type="integer">
            <column name="id" />
            <generator class="identity" />
        </id>
        <many-to-one name="user" class="com.vo.bean.User" fetch="select">
            <column name="userId" not-null="true" />
        </many-to-one>
        <property name="subject" type="string">
            <column name="subject" length="12" not-null="true" />
        </property>
        <property name="name" type="string">
            <column name="name" length="12" not-null="true" />
        </property>
        <property name="fund" type="integer">
            <column name="fund" length="15" not-null="true" />
        </property>
        <property name="location" type="string">
            <column name="location" length="50" not-null="true" />
        </property>
        <property name="stime" type="string">
            <column name="stime" length="10" not-null="true" />
        </property>
        <property name="area" type="integer">
            <column name="area" length="20" not-null="true" />
        </property>
        <property name="shuoming" type="string">
            <column name="shuoming" length="1000" />
        </property>
        <property name="pass" type="integer">
            <column name="pass" not-null="true" length="12"/>
        </property>
        <set name="logs" inverse="true">
            <key>
                <column name="applyId" not-null="true" />
            </key>
            <one-to-many class="com.vo.bean.Log" />
        </set>
    </class>
</hibernate-mapping>
