<?xml version="1.0" encoding="utf-8"?>
<!DOCTYPE hibernate-mapping PUBLIC "-//Hibernate/Hibernate Mapping DTD 3.0//EN"
"http://hibernate.sourceforge.net/hibernate-mapping-3.0.dtd">
<!-- 
    Mapping file autogenerated by MyEclipse Persistence Tools
-->
<hibernate-mapping>
    <class name="com.vo.bean.Log" table="log" catalog="villageofficials" lazy="false">
        <id name="id" type="integer">
            <column name="id" />
            <generator class="identity" />
        </id>
        <many-to-one name="apply" class="com.vo.bean.Apply" fetch="select">
            <column name="applyId" not-null="true" />
        </many-to-one>
        <many-to-one name="user" class="com.vo.bean.User" fetch="select">
            <column name="userId" not-null="true" />
        </many-to-one>
        <property name="cost" type="string">
            <column name="cost" length="50" not-null="true" />
        </property>
        <property name="lost" type="string">
            <column name="lost" length="50" not-null="true" />
        </property>
        <property name="month" type="integer">
            <column name="month" precision="12" not-null="true" />
        </property>
        
    </class>
</hibernate-mapping>
