<?xml version="1.0" encoding="utf-8"?>
<!DOCTYPE hibernate-mapping PUBLIC "-//Hibernate/Hibernate Mapping DTD 3.0//EN"
"http://hibernate.sourceforge.net/hibernate-mapping-3.0.dtd">
<!-- 
    Mapping file autogenerated by MyEclipse Persistence Tools
-->
<hibernate-mapping>
    <class name="com.vo.bean.User" table="user" catalog="villageofficials" lazy="false">
        <id name="id" type="integer">
            <column name="id" />
            <generator class="identity" />
        </id>
        <property name="username" type="string">
            <column name="username" length="12"/>
        </property>
        <property name="password" type="string">
            <column name="password" length="12"/>
        </property>
        <property name="name" type="string">
            <column name="name" length="12" />
        </property>
        <property name="oldname" type="string">
            <column name="oldname" length="12" />
        </property>
        <property name="gender" type="boolean">
            <column name="gender"/>
        </property>
        <property name="native_" type="string">
            <column name="native" length="16"/>
        </property>
        <property name="home" type="string">
            <column name="home" length="16"/>
        </property>
        <property name="zhengzhi" type="string">
            <column name="zhengzhi" length="16"/>
        </property>
        <property name="marrage" type="string">
            <column name="marrage" length="16"/>
        </property>
        <property name="city" type="string">
            <column name="city" length="16"/>
        </property>
        <property name="county" type="string">
            <column name="county" length="16"/>
        </property>
        <property name="town" type="string">
            <column name="town" length="16"/>
        </property>
        <property name="birthday" type="string">
            <column name="birthday" length="10"/>
        </property>
        <property name="xueli" type="string">
            <column name="xueli" length="16"/>
        </property>
        <property name="xuewei" type="string">
            <column name="xuewei" length="16"/>
        </property>
        <property name="school" type="string">
            <column name="school" length="100"/>
        </property>
        <property name="zhuanye" type="string">
            <column name="zhuanye" length="50" />
        </property>
        <property name="biyeshijian" type="string">
            <column name="biyeshijian" length="10" />
        </property>
        <property name="phone" type="string">
            <column name="phone" length="16"/>
        </property>
        <property name="email" type="string">
            <column name="email" length="50"/>
        </property>
        <property name="post" type="string">
            <column name="post" length="16" />
        </property>
        <property name="jiangcheng" type="string">
            <column name="jiangcheng" length="1000" />
        </property>
        <property name="peixun" type="string">
            <column name="peixun" length="1000" />
        </property>
        <property name="qita" type="string">
            <column name="qita" length="1000" />
        </property>
        <property name="fullinfo" type="boolean">
            <column name="fullinfo" not-null="true" />
        </property>
        <set name="applies" inverse="true">
            <key>
                <column name="userId"/>
            </key>
            <one-to-many class="com.vo.bean.Apply" />
        </set>
        <set name="logs" inverse="true">
            <key>
                <column name="userId"/>
            </key>
            <one-to-many class="com.vo.bean.Log" />
        </set>
    </class>
</hibernate-mapping>
