<?xml version="1.0" encoding="UTF-8"?>
<beans xmlns="http://www.springframework.org/schema/beans"
	xmlns:xsi="http://www.w3.org/2001/XMLSchema-instance"
	xmlns:util="http://www.springframework.org/schema/util"
	xmlns:p="http://www.springframework.org/schema/p"
	xmlns:aop="http://www.springframework.org/schema/aop"
	xmlns:tx="http://www.springframework.org/schema/tx"
	xsi:schemaLocation="
	http://www.springframework.org/schema/beans http://www.springframework.org/schema/beans/spring-beans-2.0.xsd
	http://www.springframework.org/schema/util http://www.springframework.org/schema/util/spring-util-2.0.xsd
	http://www.springframework.org/schema/tx http://www.springframework.org/schema/tx/spring-tx-2.0.xsd
	http://www.springframework.org/schema/aop http://www.springframework.org/schema/aop/spring-aop-2.0.xsd">

    <!-- 声明sessionfactoty -->
	<bean id="sessionFactory"
		class="org.springframework.orm.hibernate3.LocalSessionFactoryBean">
		<property name="configLocation"
			value="classpath:hibernate.cfg.xml">
		</property>
	</bean>
	<bean id="FoodinfoDAO" class="com.ff.dao.FoodinfoDAO">
		<property name="sessionFactory">
			<ref bean="sessionFactory" />
		</property>
	</bean>
	<bean id="TreemenuDAO" class="com.ff.dao.TreemenuDAO">
		<property name="sessionFactory">
			<ref bean="sessionFactory" />
		</property>
	</bean>
	<bean id="OrdersDAO" class="com.ff.dao.OrdersDAO">
		<property name="sessionFactory">
			<ref bean="sessionFactory" />
		</property>
	</bean>
	<bean id="OrdersdetailDAO" class="com.ff.dao.OrdersdetailDAO">
		<property name="sessionFactory">
			<ref bean="sessionFactory" />
		</property>
	</bean>
	<bean id="UserinfoDAO" class="com.ff.dao.UserinfoDAO">
		<property name="sessionFactory">
			<ref bean="sessionFactory" />
		</property>
	</bean>
	<bean id="ManagerroleDAO" class="com.ff.dao.ManagerroleDAO">
		<property name="sessionFactory">
			<ref bean="sessionFactory" />
		</property>
	</bean>
	<bean id="ManagerDAO" class="com.ff.dao.ManagerDAO">
		<property name="sessionFactory">
			<ref bean="sessionFactory" />
		</property>
	</bean>
	<bean id="FoodtypeDAO" class="com.ff.dao.FoodtypeDAO">
		<property name="sessionFactory">
			<ref bean="sessionFactory" />
		</property>
	</bean>
	<bean id="AdviceDAO" class="com.ff.dao.AdviceDAO">
		<property name="sessionFactory">
			<ref bean="sessionFactory" />
		</property>
	</bean>
	<bean id="MessageDAO" class="com.ff.dao.MessageDAO">
		<property name="sessionFactory">
			<ref bean="sessionFactory" />
		</property>
	</bean>
	<bean id="BanktypeDAO" class="com.ff.dao.BanktypeDAO">
		<property name="sessionFactory">
			<ref bean="sessionFactory" />
		</property>
	</bean>
	<bean id="AccountsDAO" class="com.ff.dao.AccountsDAO">
		<property name="sessionFactory">
			<ref bean="sessionFactory" />
		</property>
	</bean>
	
	<!-- 会员service -->
	<bean id="UserInfoService" class="com.ff.services.UserInfoService">
	   <property name="userInfoDao"><ref bean="UserinfoDAO"/></property>
	</bean>
	
	<!-- 会员action -->
	<bean name="/userInfo" class="com.ff.action.UserInfoAction">
	   <property name="userInfoService" ref="UserInfoService"></property>
	</bean>
	
		<!-- 会员action -->
	<bean name="/userInfo2" class="com.ff.action.UserInfoAction">
	   <property name="userInfoService" ref="UserInfoService"></property>
	</bean>
	
	
	<!-- 商品信息service -->
	<bean id="FoodinfoService" class="com.ff.services.FoodinfoService">
	   <property name="foodInfoDao"><ref bean="FoodinfoDAO"/></property>
	   <property name="foodTypeDao"><ref bean="FoodtypeDAO"/></property>
	</bean>
	
	<!-- 商品信息action -->
	<bean name="/foodInfo" class="com.ff.action.FoodinfoAction">
	   <property name="foodInfoService" ref="FoodinfoService"></property>
	   <property name="foodTypeServive" ref="FoodtypeService"></property>
	   <property name="adviceService" ref="AdviceService"></property>
	</bean>
	
	
	<!-- 商品类别信息service -->
	<bean id="FoodtypeService" class="com.ff.services.FoodtypeService">
	   <property name="foodInfoDao"><ref bean="FoodinfoDAO"/></property>
	   <property name="foodTypeDao"><ref bean="FoodtypeDAO"/></property>
	</bean>
	
	<!-- 商品类别信息action -->
	<bean name="/foodType" class="com.ff.action.FoodTypeAction">
	   <property name="foodInfoService" ref="FoodinfoService"></property>
	   <property name="foodTypeServive" ref="FoodtypeService"></property>
	</bean>
	
	
    <!-- 订单信息service -->
	<bean id="OrderService" class="com.ff.services.OrderService">
	   <property name="foodInfoDao"><ref bean="FoodinfoDAO"/></property>
	   <property name="foodTypeDao"><ref bean="FoodtypeDAO"/></property>
	   <property name="managerDao"><ref bean="ManagerDAO"/></property>
	   <property name="ordersDao"><ref bean="OrdersDAO"/></property>
	   <property name="ordersDetailDao"><ref bean="OrdersdetailDAO"/></property>
	   <property name="userInfoDao"><ref bean="UserinfoDAO"/></property>
	</bean>
	
	<!-- 订单信息action -->
	<bean name="/orders" class="com.ff.action.OrdersAction">
	   <property name="foodInfoService" ref="FoodinfoService"></property>
	   <property name="foodTypeServive" ref="FoodtypeService"></property>
	   <property name="userInfoService" ref="UserInfoService"></property>
	   <property name="orderService" ref="OrderService"></property>
	   <property name="orderDetailService" ref="OrderDetailService"></property>
	   <property name="managerService" ref="ManagerService"></property>
	</bean>
	
	 
	<!-- 详细订单信息service -->
	<bean id="OrderDetailService" class="com.ff.services.OrderDetailService">
	   <property name="foodInfoDao"><ref bean="FoodinfoDAO"/></property>
	   <property name="foodTypeDao"><ref bean="FoodtypeDAO"/></property>
	   <property name="managerDao"><ref bean="ManagerDAO"/></property>
	   <property name="ordersDao"><ref bean="OrdersDAO"/></property>
	   <property name="ordersDetailDao"><ref bean="OrdersdetailDAO"/></property>
	   <property name="userInfoDao"><ref bean="UserinfoDAO"/></property>
	</bean>
	
	<!-- 详细订单信息action -->
	<bean name="/ordersDetail" class="com.ff.action.OrdersDetailAction">
	   <property name="foodInfoService" ref="FoodinfoService"></property>
	   <property name="foodTypeService" ref="FoodtypeService"></property>
	   <property name="userInfoService" ref="UserInfoService"></property>
	   <property name="orderService" ref="OrderService"></property>
	   <property name="orderDetailService" ref="OrderDetailService"></property>
	   <property name="managerService" ref="ManagerService"></property>
	</bean>
	
	
	
    <!-- 管理员信息service -->
	<bean id="ManagerService" class="com.ff.services.ManagerService">
	   <property name="managerDao"><ref bean="ManagerDAO"/></property>
	   <property name="managerRoleDao"><ref bean="ManagerroleDAO"/></property>
	   <property name="treeMenuDao"><ref bean="TreemenuDAO"/></property>
	</bean>
	
	<!-- 管理员信息action -->
	<bean name="/manager" class="com.ff.action.ManagerAction">
	   <property name="managerRoleService" ref="ManagerRoleService"></property>
	   <property name="managerService" ref="ManagerService"></property>
	   <property name="foodinfoService" ref="FoodinfoService"></property>
	   <property name="foodtypeService" ref="FoodtypeService"></property>
	   <property name="treemenuService" ref="TreeMenuService"></property>
	</bean>
	
	
    <!-- 管理员角色信息service -->
	<bean id="ManagerRoleService" class="com.ff.services.ManagerRoleService">
	   <property name="managerDao"><ref bean="ManagerDAO"/></property>
	   <property name="managerRoleDao"><ref bean="ManagerroleDAO"/></property>
	   <property name="treeMenuDao"><ref bean="TreemenuDAO"/></property>
	</bean>
	
	<!-- 管理员角色信息action -->
	<bean name="/managerRole" class="com.ff.action.ManagerRoleAction">
	   <property name="managerRoleService" ref="ManagerRoleService"></property>
	   <property name="managerService" ref="ManagerService"></property>
	   <property name="treemenuService" ref="TreeMenuService"></property>
	</bean>
	
	
	<!-- 树形菜单信息service -->
	<bean id="TreeMenuService" class="com.ff.services.TreeMenuService">
	   <property name="managerDao"><ref bean="ManagerDAO"/></property>
	   <property name="treeMenuDao"><ref bean="TreemenuDAO"/></property>
	   <property name="managerRoleDao"><ref bean="ManagerroleDAO"/></property>
	</bean>
	
	<!-- 树形菜单信息action -->
	<bean name="/treeMenu" class="com.ff.action.TreeMenuAction">
	   <property name="treeMenuService" ref="TreeMenuService"></property>
	   <property name="managerService" ref="ManagerService"></property>
	</bean>
	
	
	<!-- 留言信息service -->
	<bean id="MessageService" class="com.ff.services.MessageService">
	   <property name="messageDao"><ref bean="MessageDAO"/></property>
	</bean>
	
	<!-- 留言信息action -->
	<bean name="/message" class="com.ff.action.MessageAction">
	   <property name="messageService" ref="MessageService"></property>
	</bean>
	
	
    <!-- 评论信息service -->
	<bean id="AdviceService" class="com.ff.services.AdviceService">
	   <property name="adviceDao"><ref bean="AdviceDAO"/></property>
	    <property name="foodInfoDao"><ref bean="FoodinfoDAO"/></property>
	     <property name="userInfoDao"><ref bean="UserinfoDAO"/></property>
	</bean>
	
	<!-- 评论信息action -->
	<bean name="/advice" class="com.ff.action.AdviceAction">
	   <property name="adviceService" ref="AdviceService"></property>
	   <property name="foodInfoService" ref="FoodinfoService"></property>
	   <property name="userInfoService" ref="UserInfoService"></property>
	</bean>

	
	 <!-- 账户信息service -->
	<bean id="AccountService" class="com.ff.services.AccountService">
	   <property name="accountDao"><ref bean="AccountsDAO"/></property>
	    <property name="bankTypeDao"><ref bean="BanktypeDAO"/></property>
	</bean>
	
	<!-- 账户信息action -->
	<bean name="/accounts" class="com.ff.action.AccountsAction">
	   <property name="accountService" ref="AccountService"></property>
	   <property name="bankTypeService" ref="BankTypeService"></property>
	</bean>
	
	
	 <!-- 银行信息service -->
	<bean id="BankTypeService" class="com.ff.services.BankTypeService">
	   <property name="accountDao"><ref bean="AccountsDAO"/></property>
	    <property name="bankTypeDao"><ref bean="BanktypeDAO"/></property>
	</bean>
	
	<!-- 银行信息action -->
	<bean name="/bankType" class="com.ff.action.BankTypeAction">
	   <property name="accountService" ref="AccountService"></property>
	   <property name="bankTypeService" ref="BankTypeService"></property>
	</bean>
	
	
	<!-- 声明式事物处理器 -->
	<bean id="htm" class="org.springframework.orm.hibernate3.HibernateTransactionManager"> 
	  <property name="sessionFactory">
	     <ref bean="sessionFactory"/>
	  </property>
	</bean>
	
	<!-- 通知器 -->
	<tx:advice id="adv" transaction-manager="htm">
	 <tx:attributes>
	    <tx:method name="*"/>
	 </tx:attributes>
	</tx:advice>
	
	<!-- AOP 配置 -->
	<aop:config>
	  <aop:advisor advice-ref="adv"
	   pointcut="execution(* com.ff.services.*.*(..))"/>
	</aop:config>
	</beans>