<?xml version='1.0' encoding='UTF-8'?>
<!DOCTYPE hibernate-configuration PUBLIC
          "-//Hibernate/Hibernate Configuration DTD 3.0//EN"
          "http://hibernate.sourceforge.net/hibernate-configuration-3.0.dtd">

<!-- Generated by MyEclipse Hibernate Tools.                   -->
<hibernate-configuration>

	<session-factory>
		<property name="dialect">
			org.hibernate.dialect.MySQLDialect
		</property>
		<property name="connection.url">jdbc:mysql://localhost:3306/fastfood</property>
		<property name="connection.username">root</property>
		<property name="connection.password">111111</property>
		<property name="connection.driver_class">com.mysql.jdbc.Driver</property>
		<!--<property name="myeclipse.connection.profile">
			fastfoodDriver
		</property>
		--><property name="hbm2ddl.auto">create</property>
		
		<mapping resource="com/hsg/pojos/Treemenu.hbm.xml" />
		<mapping resource="com/hsg/pojos/Ordersdetail.hbm.xml" />
		<mapping resource="com/hsg/pojos/Userinfo.hbm.xml" />
		<mapping resource="com/hsg/pojos/Advice.hbm.xml" />
		<mapping resource="com/hsg/pojos/Foodtype.hbm.xml" />
		<mapping resource="com/hsg/pojos/Message.hbm.xml" />
		<mapping resource="com/hsg/pojos/Accounts.hbm.xml" />
		<mapping resource="com/hsg/pojos/Foodinfo.hbm.xml" />
		<mapping resource="com/hsg/pojos/Orders.hbm.xml" />
		<mapping resource="com/hsg/pojos/Manager.hbm.xml" />
		<mapping resource="com/hsg/pojos/Managerrole.hbm.xml" />
		<mapping resource="com/hsg/pojos/Banktype.hbm.xml" />

	</session-factory>

</hibernate-configuration>