<?xml version="1.0" encoding="UTF-8"?>
<beans xmlns="http://www.springframework.org/schema/beans"
	xmlns:xsi="http://www.w3.org/2001/XMLSchema-instance"
	xmlns:flex="http://www.springframework.org/schema/flex"
	xmlns:p="http://www.springframework.org/schema/p"
	xmlns:aop="http://www.springframework.org/schema/aop"
	xmlns:context="http://www.springframework.org/schema/context"
	xmlns:jee="http://www.springframework.org/schema/jee"
	xmlns:tx="http://www.springframework.org/schema/tx"
	xsi:schemaLocation="
	http://www.springframework.org/schema/aop http://www.springframework.org/schema/aop/spring-aop-2.5.xsd
	http://www.springframework.org/schema/beans http://www.springframework.org/schema/beans/spring-beans-2.5.xsd
	http://www.springframework.org/schema/context http://www.springframework.org/schema/context/spring-context-2.5.xsd
	http://www.springframework.org/schema/jee http://www.springframework.org/schema/jee/spring-jee-2.5.xsd
	http://www.springframework.org/schema/tx http://www.springframework.org/schema/tx/spring-tx-2.5.xsd">

	<context:property-placeholder location="classpath:jdbc.properties"/>
	
	<bean id="dataSource" class="com.mchange.v2.c3p0.ComboPooledDataSource"    destroy-method="close">
		<property name="driverClass"><value>${jdbc.driverClassName}</value></property>
		<property name="jdbcUrl"><value>${jdbc.url}</value></property>               
		<property name="user"><value>${jdbc.username}</value></property>
		<property name="password"><value>${jdbc.password}</value></property>
		<property name="minPoolSize"><value>10</value></property>
		<property name="maxPoolSize"><value>100</value></property>
		<property name="maxIdleTime"><value>1800</value></property>
		<property name="acquireIncrement"><value>2</value></property>
		<property name="maxStatements"><value>0</value></property>
		<property name="initialPoolSize"><value>10</value></property>
		<property name="idleConnectionTestPeriod"><value>1000</value></property>
		<property name="acquireRetryAttempts"><value>30</value></property>
		<property name="acquireRetryDelay"><value>100</value></property>
		<property name="breakAfterAcquireFailure"><value>false</value></property>
		<property name="testConnectionOnCheckout"><value>false</value></property>
	</bean>
	
	<bean id="sessionFactory"
		class="org.springframework.orm.hibernate3.annotation.AnnotationSessionFactoryBean">
<!-- 		class="org.springframework.orm.hibernate3.LocalSessionFactoryBean"> -->
		<property name="dataSource" ref="dataSource" />
		<property name="configLocation" value="classpath:hibernate.cfg.xml" />
		<property name="hibernateProperties">
			<props>
				<prop key="hibernate.dialect">${hibernate.dialect}</prop>
				<prop key="hibernate.show_sql">${hibernate.show_sql}</prop>
				<prop key="hibernate.cache.use_query_cache">${hibernate.cache.use_query_cache}</prop>
				<prop key="hibernate.cache.provider_class">${hibernate.cache.provider_class}</prop>
				<prop key="hibernate.default_batch_fetch_size">${hibernate.default_batch_fetch_size}</prop>
				<prop key="hibernate.jdbc.fetch_size">${hibernate.jdbc.fetch_size}</prop>
				<prop key="hibernate.jdbc.batch_size">${hibernate.jdbc.batch_size}</prop>
				<prop key="hibernate.format_sql">false</prop>
			</props>
		</property>
	</bean>

	<bean id="transactionManager"
		class="org.springframework.orm.hibernate3.HibernateTransactionManager">
		<property name="sessionFactory" ref="sessionFactory" />
	</bean>
	
	<!-- action注入 -->
	<bean id="registerAction" class="com.vo.web.action.RegisterAction">
		<property name="registryService" ref="registryService"></property>
	</bean>
	<!-- service注入 -->
	<bean id="registryService" class="com.vo.service.impl.RegistryServiceImpl">
		<property name="registryDao" ref="registryDao"></property>
	</bean>
	<!-- dao注入 -->
	<bean id="registryDao" class="com.vo.dao.impl.RegistryDaoImpl">
		<property name="sessionFactory" ref="sessionFactory"></property>
	</bean>
	
	
	<!-- action注入 -->
	<bean id="loginAction" class="com.vo.web.action.LoginAction">
		<property name="loginService" ref="loginService"></property>
	</bean>
	<!-- service注入 -->
	<bean id="loginService" class="com.vo.service.impl.LoginServiceImpl">
		<property name="loginDao" ref="loginDao"></property>
	</bean>
	<!-- dao注入 -->
	<bean id="loginDao" class="com.vo.dao.impl.LoginDaoImpl">
		<property name="sessionFactory" ref="sessionFactory"></property>
	</bean>
	
	<!-- action注入 -->
	<bean id="infoAction" class="com.vo.web.action.InfoAction">
		<property name="infoService" ref="infoService"></property>
	</bean>
	<!-- service注入 -->
	<bean id="infoService" class="com.vo.service.impl.InfoServiceImpl">
		<property name="infoDao" ref="infoDao"></property>
	</bean>
	<!-- dao注入 -->
	<bean id="infoDao" class="com.vo.dao.impl.InfoDaoImpl">
		<property name="sessionFactory" ref="sessionFactory"></property>
	</bean>
	
	<!-- action注入 -->
	<bean id="caseAction" class="com.vo.web.action.CaseAction">
		<property name="caseService" ref="caseService"></property>
	</bean>
	<!-- service注入 -->
	<bean id="caseService" class="com.vo.service.impl.CaseServiceImpl">
		<property name="caseDao" ref="caseDao"></property>
	</bean>
	<!-- dao注入 -->
	<bean id="caseDao" class="com.vo.dao.impl.CaseDaoImpl">
		<property name="sessionFactory" ref="sessionFactory"></property>
	</bean>
	
	<!-- action注入 -->
	<bean id="logAction" class="com.vo.web.action.LogAction">
		<property name="logService" ref="logService"></property>
	</bean>
	<!-- service注入 -->
	<bean id="logService" class="com.vo.service.impl.LogServiceImpl">
		<property name="logDao" ref="logDao"></property>
	</bean>
	<!-- dao注入 -->
	<bean id="logDao" class="com.vo.dao.impl.LogDaoImpl">
		<property name="sessionFactory" ref="sessionFactory"></property>
	</bean>
	
	<!-- action注入 -->
	<bean id="adminAction" class="com.vo.web.action.AdminAction">
		<property name="adminService" ref="adminService"></property>
	</bean>
	<!-- service注入 -->
	<bean id="adminService" class="com.vo.service.impl.AdminServiceImpl">
		<property name="adminDao" ref="adminDao"></property>
	</bean>
	<!-- dao注入 -->
	<bean id="adminDao" class="com.vo.dao.impl.AdminDaoImpl">
		<property name="sessionFactory" ref="sessionFactory"></property>
	</bean>
	
</beans>
