<?xml version='1.0' encoding='UTF-8'?>
<!DOCTYPE hibernate-configuration PUBLIC
          "-//Hibernate/Hibernate Configuration DTD 3.0//EN"
          "http://hibernate.sourceforge.net/hibernate-configuration-3.0.dtd">

<hibernate-configuration>
	<session-factory>
		<property name="hbm2ddl.auto">update</property>
		<property name="current_session_context_class">thread</property>
		<mapping resource="com/vo/bean/Admin.hbm.xml" />
		<mapping resource="com/vo/bean/Apply.hbm.xml" />
		<mapping resource="com/vo/bean/Log.hbm.xml" />
		<mapping resource="com/vo/bean/LogTable.hbm.xml" />
		<mapping resource="com/vo/bean/User.hbm.xml" />
	</session-factory>
</hibernate-configuration>