<?xml version="1.0" encoding="UTF-8"?>
<!DOCTYPE struts PUBLIC "-//Apache Software Foundation//DTD Struts Configuration 2.0//EN"
    "http://struts.apache.org/dtds/struts-2.0.dtd">

<struts>
	<constant name="struts.multipart.maxSize" value="2147483648" />
	<constant name="struts.i18n.encoding" value="GBK" />
	<package name="strut2" extends="struts-default" >

		<interceptors>
			<interceptor-stack name="testStack">
				<interceptor-ref name="defaultStack"></interceptor-ref>
			</interceptor-stack>
		</interceptors>
		<default-interceptor-ref name="testStack"></default-interceptor-ref>

	<action name="RegisterAction" class="com.vo.web.action.RegisterAction">
		<result>index.jsp</result>
		<result name="error">registry.jsp</result>
	</action>
	
	<action name="LoginAction" class="com.vo.web.action.LoginAction">
		<result name="user">custom/custom.jsp</result>
		<result name="admin">admin/admin.jsp</result>
		<result name="error">error.jsp</result>
	</action>
	
	<action name="InfoAction" class="com.vo.web.action.InfoAction">
		<result>custom/showinfo.jsp</result>
		<result name="error">error.jsp</result>
	</action>
	
	<action name="caseAction" class="com.vo.web.action.CaseAction">
		<result>custom/casesubmit.jsp</result>
		<result name="error">error.jsp</result>
	</action>
	
	<action name="checkInfoAction" class="com.vo.web.action.CaseAction" method="checkInfo">
		<result>custom/customcase.jsp</result>
		<result name="error">errorinfo.jsp</result>
	</action>
	
	<action name="createLogAction" class="com.vo.web.action.CaseAction" method="createLog">
		<result name="success" type="redirectAction">/userLogAction</result>
		<result name="error">error.jsp</result>
	</action>
	
	<action name="cAction" class="com.vo.web.action.CaseAction" method="findCase">
		<result>custom/case.jsp</result>
		<result name="error">error.jsp</result>
	</action>
	
	<action name="userCaseAction" class="com.vo.web.action.CaseAction" method="findUserCase">
		<result>custom/caselist.jsp</result>
		<result name="error">errorinfo.jsp</result>
	</action>
	
	
	<action name="usersAction" class="com.vo.web.action.AdminAction" method="usersList">
		<result>admin/checkinfo.jsp</result>
		<result name="error">error.jsp</result>
	</action>
	
	<action name="userAction" class="com.vo.web.action.AdminAction" method="user">
		<result>admin/userinfo.jsp</result>
		<result name="error">error.jsp</result>
	</action>
	
	<action name="appliesAction" class="com.vo.web.action.AdminAction" method="applyList">
		<result>admin/checkcase.jsp</result>
		<result name="error">error.jsp</result>
	</action>
	
	<action name="logListsAction" class="com.vo.web.action.AdminAction" method="LogList">
		<result>admin/checklog.jsp</result>
		<result name="error">error.jsp</result>
	</action>
	
	<action name="applyAction" class="com.vo.web.action.AdminAction" method="apply">
		<result>admin/applyinfo.jsp</result>
		<result name="error">error.jsp</result>
	</action>
	
	<action name="logAction" class="com.vo.web.action.AdminAction" method="Log">
		<result>admin/loginfo.jsp</result>
		<result name="error">error.jsp</result>
	</action>
	
	<action name="sumAction" class="com.vo.web.action.AdminAction" method="sum">
		<result>admin/checkdata.jsp</result>
		<result name="error">error.jsp</result>
	</action>
	
	<action name="applyResultAction" class="com.vo.web.action.AdminAction" method="applyResult">
		<result>errorinfo.jsp</result>
		<result name="error">error.jsp</result>
	</action>
	
	<action name="userAppliesAction" class="com.vo.web.action.AdminAction" method="userApplyList">
		<result>admin/checkcase.jsp</result>
		<result name="error">error.jsp</result>
	</action>
	
	<action name="userLogAction" class="com.vo.web.action.LogAction" method="findUsersLogs">
		<result>custom/loglist.jsp</result>
		<result name="error">errorinfo.jsp</result>
	</action>
	
	<action name="uLogAction" class="com.vo.web.action.LogAction" method="findApplyLog">
		<result name="success">custom/caselog.jsp</result>
		<result name="error">error.jsp</result>
	</action>
	
	<action name="monthLogAction" class="com.vo.web.action.LogAction" method="showLog">
		<result name="success">custom/showlog.jsp</result>
		<result name="error">error.jsp</result>
	</action>
	
	<action name="insertLogAction" class="com.vo.web.action.LogAction">
		<result>errorinfo.jsp</result>
		<result name="error">error.jsp</result>
	</action>
	
	<action name="chooseAction" class="com.vo.web.action.LoginAction" method="choosePage">
		<result name="showinfo">custom/showinfo.jsp</result>
		<result name="custominfo">custom/custominfo.jsp</result>
	</action>
	
	
	</package>
</struts>